param_n_features,param_alpha,avg_test_score,std_test_score
56,0.1,0.7142300928273646,0.03812513223607265
56,0.1,0.7142300928273646,0.03812513223607265
