param_alpha,mean_test_score,std_test_score
0.01,407.5394936,122.429768
0.1,415.970322,124.2559247
1,478.2084232,132.7095566
10,819.0393589,160.7138491
100,1448.938873,190.7258448
