param_alpha,avg_test_score,std_test_score
0.0001,0.7135745411356762,0.007701983505828239
0.0005,0.7068119620405378,0.007831570164055396
0.001,0.7001251289045409,0.007933196775470145
