param_alpha,avg_test_score,std_test_score
0.025,0.7191112908916001,0.03629728136297237
0.05,0.7177047545726548,0.036004485695264404
0.075,0.7160569411927732,0.03587803446491776
0.1,0.7144470986536983,0.035796385201582535
0.5,0.6908868885459185,0.033454572045479
1.0,0.6706017256069157,0.03203419787292509
