param_alpha,avg_test_score,std_test_score
0.0001,0.7618195913611729,0.002424175296308027
0.0005,0.7539168366838003,0.0025984695348929537
0.001,0.7441720464797555,0.003156082276895267
