param_alpha,avg_test_score,std_test_score
0.0001,0.7148021913747276,0.003604513709436251
0.0005,0.7077117597920145,0.0032953628448395295
0.001,0.7010555181472083,0.0028548072847582226
