param_alpha,avg_test_score,std_test_score
0.0001,0.603354152492547,0.004331868532094785
0.0005,0.5997793547593824,0.00412931439346184
0.001,0.5966532306598233,0.004101565534242752
